{
  "estimated_diameter_min": 0.007256964132794714,
  "estimated_diameter_max": 0.016227065111206793
}
